Wallet Address,Purchase Count
0x22708F6aa64E9505087806846A78c67aB350A4E0,1
0xB208420C52Fa932433956A5503A464DF49242C0d,1
0x4db2B35A3f65575a50F2AaAfDb2825EDFd5F85FE,5
0x26eD505fCe70D11cbC98C6AD4DB6946dC72FAe75,10
0x863b6244E6EbA740d61E85703ef66278BF0a6E39,3
0x41789b388D295Fb8B50006607306F138f5940D12,200
0xE7494C6520cA2baF64AC9b389F43dcEEdc7F148F,5
0xb2fE255C5D4D74453Dc4E0D5162B39AdfDD73f25,15
0x894D5E8f6cE008b71a0cBa883662fd721B9a195a,4
0x826F5a52ca81Fd9a65F5153b8999a8448606d1BF,2
0x0a0C94711e54988235792227d258C90BDFE5620A,102
0xA33Eb4BF91aBf05e034856E1B1B715066564b6c2,150
0xE45Cc9D0f03F127Ab0B23aA4Ba67F588a45cC501,4
0x038c5A04C37c239c05D34b162097e59674757ebE,1
0xf56723E0BFcFC8e54b75c0b53B3661674EAB3844,2
0x2E84f76299C29ec794b62e3CBCF8aDebDB9d9017,1
0x91CD59F24C484a6AA014c06FaD54Ca0bc1198885,1
0x6bc1a425C9A83573aAAB3a399fd7b60Ad52DCf09,10
0x6f20B99cc9CE2F8A5D560F31b78B33Fc791cd524,1
0x399716a4Df7045CF51403bE536894c087D7Bf3d5,25
0x8BFfF78EdbFa534FE52Dd87d945DAC9A671957Ae,2
0x5ADB19d74a772350a33D557e36548E629Ef7B078,1
0xa3078210f56F0dFFf868d5A38e14Be8c9c7974c9,3
0x08A450e1DB3a69993bC29c71945e103dCA8c875b,10
0xE8c91D1E8789c6bFBA43432F500b40f695d23869,1
0x59AF192a36648e95255b49d145F54d8a54D9cB55,1
0x5826d68503efd81aCf7F2Be8163795CDbb37F7E0,13
0xedDB52dBbab24DA818E8C89e3b684A34d80227e2,2
0x6102fB7B72936d10d1029573461cC2409979F49d,4
0xF365A0Bf6d9B729fE44EdD0497994Af57ac460EE,8
0xE171b6B8C86dEBAB3b3593f45b564db29D9aB6fA,1
0xaE992033697039eaB3466Dd965c7B50B86749f70,1
0x8c6EFEB923F57596DC6D7478045789C4919A8753,4
0xCe59532638C770Aa32D8af6C5744b41aAc34BE6b,8
0xb69aEa7DBFB17035601FF05c2FC4b1C6D964542E,3
0x477d5a2156c5190B41F833704F1a742a967f226d,2
0x1253Ba843A3c26af725dce967F1d6ADFFE301120,3
0x872aDf7C74EAd1E2792A8AFC3873a64FEdde33fe,7
0x934a78F17cAC35481a1574197C95703a1054195e,1
0xE00Fd0b35883918fCf180DDA7F714fa3711F7eB7,7
0x207b8118C2d38d665Fad87EeeCEEeAa175A10fbD,2
0xf531C0De952d6be3947115267e900054077c5197,5
0x5762D4802AfaE5bBb0aB0D30AAb2162863DBA767,3
0xEF4940d1D48Bd5292c18cB84502002Ff581e75A4,5
0x09EC0f2D4893092E61cbED103eB4C437E29E72c8,1
0xa2daC3ad94A5dD068B155eaBb822AC247091BFa7,1
0xDBD0C39D34Fa1b40419284fbc9a89d6D12536e2D,2
0xA24167618b9B26B6CdcFdb4EA451110670BDDa68,1
0xe77A3125007da3459E5e0ACf1b64c513D2567A3f,5
0x8D0df7856E207dB6721a3001cddDF0657F7a21Ac,2
0xd672255baFD121fcEc2929796Bc0be5A61eea2EA,3
0xb5627D16112D1e97C4DA6AA69916e03687043EcC,8
0xD51edc54a80fAC61A8Fbe8824c85C654c2e366aE,10
0x14c8c84f8628507280268f127E42953Ac34Ea222,5
0x9A9A25aFD29880BD3CB60736185863e76b081dF8,1
0x88AD1a02F29DcdA0F053E6d6B4B909F198F1650B,1
0xF0167C30b4f2371D0772e5E879CFAE9dC06ed765,1
0xdC52855babeb8a55865f4f3199FaE6fecB68dAca,1
0xe136C1f8Da2eac740096cd07F3f0C79D6E34A2c0,6
0xcC1561a3826B30280E2f052574094042Fde2FcEa,1
0x8Ba6fB3a07eFbaF3eE3ed20cE1022a20079cC7Ae,2
0x88b26990Efb08B25B58d29C28635C19b2ff7E8E4,1
0x6D62B73F69eeB9d36269C1113D68B5B731a5ee8D,4
0x249034ba2D2d597a2EA4A1C45e994078eF1Db0B8,20
0x0f2Fa6A16923926391429D95bbbe53A0c25081f6,1
0x681288AED3B9a009882b4e36dA73b786192e2aAA,2
0x46028BE8C9e831ad7C111E2EdFbBe8f810ef14DB,1
0xc7809C02112c3a9aC3172566C4f2BDe60f0080d0,1
0x9aa250C2748f73632DeDE016563Fe25f998840d8,1
0x22D2b74c0B66807fD542C2d9e27B32FCBc18e708,1
0x08F34dE798f9B8ded1b1399F3d56A27E0E1604d2,1
0x5EE6DeCbdbd93610C316405362a4947876200B47,1
0xf0d0BaCe638B06F7168D6347C528803dD816fcE8,4
0x27FEc438a0480c3ba96E616b27B12810512edc48,1
0xaF80155daE880d7894dD2cd906B277cA358bA4eB,4
0xB3869D548Af79923aa6C6638780d14eeF2955537,1
0x361d8B84d439922883398C249c532Df6f1888725,1
0xdA3Ea3B95794D898F679D6fE3cC7E98C08fA7BF2,2
0xAdebC076e4aa3e579AF71062Db06Ad29375F1638,1
0xcF0c7Ad5DA208678a8B4068d56098f650D3352Be,1
0xF8822FEac01e1b2B53c9A332B5B3Ab77D9cE5E5E,1
0xAfbEe4d7f883E6Ab842e9623a9d595Ff6B7AAfD7,1
0x39465e306B3D3Ee4ffEe06c14D709C7Ee933Bd33,3
0x035e4F177Fc96C35237a0a9F773D834Ad9a429da,2
0x3771591443a0092d5EE8Ea5A2a5ea3C752B2D417,1
0x42A3C70637a69AF3b40EA1BA3EfFc44B354C5326,1
0x78267e15910782C1d48131eBf4dd5804b0bF7c68,6
0x578AFb0c4bB561E1E09A1E8cE091536706c0217F,2
0xB11959C03A6b5De0B5C6f405444CEc8411319D49,2
0x33D422644ab9482aA8063480EA2E41141a1C9EeF,22
0x57683B80bBE883968161f56D4fD5d96C74A24a0A,1
0xF841D8776c1F5b1e722512d741E60F211352E55d,1
0x5aB42Ada8c7a0447966Cf01Ab5DD75C5f978571B,1
0x77d7c39192A1ef58D1D061f92355893C27F4Ef02,2
0x61A06C3D45a9e5A087B83a0211c01ed2D6f0F43F,10
0x424785Ba097cC38eb7dBF3368E7D66d6632977bA,3
0x0f453ee080D2FEe908cFeC629922f554e7bD2753,5
0x7C1EF124eA6b78FB6E0b82DF2f32Fdd2208f8636,2
0xb4e47Df51111f09902a8f9e85cCEe0eF2D75b137,2
0x92691844495FF2Dbf33878481857a0B010Bf395b,1
0xB3999f2b6DE60EB560557Eb1D4bd51761Fac72e6,1
0xB38834C6F0F250D0040dd11251b07F087330d278,1
0xeABc370bA36BA36c555433953293e51A3C5f366e,1
0xa8383b3c1d5BcE39504ba2a0f65E498c7FB7F162,25
0xc4021604D4d98001e7ce4De0e79f27d7E9A8A5bf,3
0xbE9168CC6d445C79E8268eb54D08736D6836032c,1
0xa6F8B7c8C51DDDa6A3f032069F78624d441b8ab9,1
0x95115EF6B73B18656E74e0CBfa743A20E092AC89,1
0x29876c01F8662eFB483A3E8311edC0eF00FBDd59,1
0xe7ecf8145DD949B9250374e9DDE1Cf7Bb213f468,2
0x60C8D39398990B895Ce6742D5B044F8453A19B1f,6
0xffFaa3BF5Fb47DD3a50A8F8440a1A0ed4A6433F9,1
0x740fCA9dbf4bc9b19a0Fe2246BddC5d7B1ae5c87,1
0x7F7189181F3571420dB3e665A2131a573A4ce0A8,1
0xb02698a3f24619FFa6ADFaf0A3b9Ed7C1719B951,2
0x2604d1e346112483E5897B389B18BBbdE3382f54,2
0x9B92570160a83d56F69624aC42992f448cADD11A,1
0xe52dF4BF3c9d318b7A20eC25BfccDE079C8BD621,8
0x56DbA33FbBcC84D70047CDDc78495b8E63E9c62d,1
0x00D1B034fac6F3e13E81EfE037eF26d0745892C2,2
0x47f94679031bc67542B778629d71Ab51e2EE1fDE,1
0xb713F925B27499f5fB3b3748De8d69f7e14608d9,1
0xa1Ef9f2CDA7478C47F3a106DFE73Ed0e20DaD606,1
0x49772Bc7741eCC4399FBcADD7ce485bd44bf62B9,1
0x6B92aD6a9ddaF70bA120F2e31f512ED17B00e06a,1
0xdf7F1c1b18FD44488EE60d885D9920929C6E1946,1
0x11D579235D6a43DFe646502A62dE35021C3D8F3C,1
0x89c1E603478F2dC68367F53c5a0eE663561ee499,1
0x1B143e63d24f66770dfF84F0f980c4845D670B95,5
0x07A10d89d094B4f4039eD7D9E016146ad1beaAf5,1
0xE389713a1A44631E81da71cf5f8Ca96f301df4f6,2
0x32cD56Ebf75E4275903E59c65E9bE7B1A5E05FF0,2
0x9142F22Bf0d82Cc1271ec0116a1491D349Eb7E24,5
0x223aa610D120D74E3f62b2943A3a1c3d147F4faC,1
0x3A79D73f80Bd7443e9d34f0a6456c6DC0d1A26A0,4
0xe02685E2353D58850b9d4ad1f85871620b2e36Cd,1
0xeD0EE91630bC027657dbb463e8569DDDCd100552,1
0xD2Fd6411Ff082ee737d08818A8ef0C81CE2d2969,1
0x175aecb6D95CEe2bF09112F1Ea00243962778353,1
0xE3f97aaf28f64528E470462BF04cdd1f57895F43,1
0x6D65482E6A2cE447232307ba322F3c779f4a2b5A,1
0xF26944251E46Efda9d7e2EE738510aAE5f049391,1
0xD313cCFd3AcBb4f47F0C6675eCBE1e055ff2E115,5
0xF5B645276F94aC765801BcD8E2962539F362e5B9,1
0xe71fe6c806e418cE24dB04a176CDbCdfd35bA3f3,1
0x6b36be4cD1D1E3d7afF4954F662A5418356672ed,4
0x774D20f397bEBbE09e94aF442abCF58e9487aF52,2
0x1c0eA8528A769200d111C11dB286c16684E121e4,2
0x1d9E6F6DfD05F2A8315c7088f6E8654CCF1FFf4A,4
0x7bDB256772Fdb02214f9dCF9803352876761D8E7,1
0x0E6CD72286FBc782b6e3F9C9cD9c7896cAb6911c,1
0x321c13D9B3f8e114DAF3f58a092faA6cc2E48B38,1
0x62E314b87c8E52e7315118cEb759383c5c4F7fC4,4
0x63fA6Db8Ae8d072237Ae6e39DDB695B9aE47221B,1
0x62C3ad95761E1Fcdb21Af2CCFac3B1Fc3b6eD316,2
0x1888b59760FA9832Db1bb8ab24e22715E6041329,1
0x4472240c5859d4f4a9D330834fe2568199EcFa27,1
0xe637332ee9AFb0230f9570a0Ae57b1DFb3616f50,2
0x7587921118061DCB0b1FaA4747E103CB0A940d1B,1
0xF97Ed13F8bf27e7bfCbeBD9ED1E306DA59ACb632,1
0xF2A1825542BBA63dE1D29909057152187B9ef23c,4
0x95b646486Fcb44d5A3b7ea18e60bcB4e633eFE0C,1
0xa261243641A535634447b17bc7A77deD172CdA2C,1
0xE15c4579966f5D02Eff8A892BE22F4a9C7EDd1c8,10
0x1D2c2A0F69c14083F3D81e705BD26C8C15a75bD1,3
0xD2127f7C994B0FD4cC1bEBb369A69764604319E2,1
0xd3E9a1405978A5c99EB82C321142e26C803fE57B,3
0x35c46d7187a00768d04841FA853d2dbF8Ba290EF,1
0x200C63B0A0417f70D583E10faDc35A68E92A1B95,1
0x976266BDbD23D8A9d9c926e753a8e229cbb3944F,1
0x6b646B1F8477248945A43431407D672e91c53F16,2
0x40A32dd91a366146C22eE5e2F1b344CfA3Fe41dA,1
0x20f38f72fE50F05e9C3Fa8DFED5EE64c691abFcD,1
0xf6BB1dB6BBc7D740Dd5A9bb1103de391fe85fFcc,4
0x0ebE7392aF02dD33D89047b0A95AC8C860e45912,14
0x464fCE9CC7FA79E8843Ad99dF3d7f3b41F7E00aF,4
0x82AF7C2617c0D7b7454C601F7F4B7e1e06EB866e,2
0xD7d311489Aa7F497dcbf35662a2fDE6aa59F10f8,2
0x4ab1c557443529eD2DaC5b0D715FDCc188C6CF93,2
0x53c3C78d8924e448493C6eC38655A6Ffc23F7dfd,4
0xF302a9Ae80EA4F7D6f141d36e24d752F4C34C463,1
0x2d17D3C87d6ca9710a0D0F44ddCBeC8e702A63D8,1
0xDFc2786c12febbeCEcD71Ab7ECd80178239b9B7F,1
0x3507983653173060AeFF04FE1b01B34a754C28CF,1
0x45F900809923AF3D595f3345506fc7D4bE39a84F,3
0xa73018C8c64D8b58f692da632255C8ac907C8d58,2
0xFeEbD2186ABAA11725be212F2D97Ff77807c9962,5
0x9D7F36f1aF5034b3fD6fC1A22575c471AE07f06c,1
0x557A56a89e3EcdEAD70A5b664D082052BbA0fe69,1
0x649F8b6D6838d52a5dDDc6c11a235D0bA26E6Ab9,2
0x7D003dB84a957d98E4dCb6466524C85f23757Dd5,3
0x609feccdB7AC2315455e0dda36F6EdAc18B707b7,2
0x916771fD53FB198FA7e5634b5130C4dCaeCa941b,2
0x09Cf6fc96399de650ca8e9cE44aa1a99B2466124,1
0x6130D315Fa09B0Ed85214B8cD68d2184B8DBdfcE,1
0xC1eC9B29d31BDFEB25D73864ea60B4AA8d231d50,2
0x016057661001F46be8FFFdf4F382f58eE704F9E2,1
0xccD7C3cC2bEa0ee7AdDC131A8FA0EE4bA5015691,1
0x81F9b242372fd10e3B52684cC72Ff8387D934b15,1
0xb2f096c96b1FEc3a76F3aff2ea7a3FEf9875CF64,2
0xCE58Ea3B5Ae7056577c4e9efCdebFa7aCAe52026,1
0x4e9e18cC8b5784951345e596B9729A82D7a6443e,1
0xc60F9Ef1762F8cf227d4FeD3C9f6E254414ac645,1
0xAD2C8DF1E02Bb9f00ce7536e6f4e0A2CAE29746D,8
0x39a9571003df845b330A4EDF6ac691dd1880288A,13
0x86cb21305c8e6a9848A4b8088170fB911E316ca8,15
0x5026fABfA2EC9527BE0ec289AE5f623932e6a00E,4
0x350A68082a115e2e39312A89A65cbdfb14605aAD,2
0xB55697F55Bd0485A4B4d92B89CD67ba4c11c4547,4
0x02Ce5A9F39b971Cc6A5F1CF60e9a22B600ed6CC3,1
0x93f255F571D0aACF8Ff3897D7e523f1e4c8D09A5,1
0x1e90d4fBAF393fF95698447a5BFDd655f096B804,4
0x561D4561ae0c45505a6f6B1A58EEE27D7B94cB62,1
0x7b61b330010d2606D1e61651ddc891c672FeA580,2
0x1Bcf16d2F5efB8333c86118f874F16378B090bE0,3
0x7F56C20518428E38a8630eE2170d982285034396,1
0x8DAb222EB686a4f0708e892D09fb3558249c916e,10
0x6500A7C0321959b3B751699B5ECDE83d0D7c0F3C,10
0xbFE05678EAC386D9B2136692dB9bb3656A76F52e,4
0xBAC3a5F847F2d720259397997Dae4370c36BaA54,1
0xcA94C3b70c5e28851AE8bcD23DbEcCb610EBF165,5
0x5d54541F7f6CDa9b45Aa1D3fC8cFd366459598Ad,1
0x462359bC7E4d1F3A833d1fcC1Eb7AbcfEfF26251,2
0xA8D344A5B87f0d2565b772CD679135aa0E893aED,1
0x4e557d0cF21DcaD04387400d49266BBaeebAe674,1
0x1b34bc6e87D79cE7D08d7d6b4f923edE6BD53fD0,2
0xe5C7B4166d5cFaa9cAE93048cf683F870Ad4faEb,1
0x2a988cf3C22AfC623D818E9d36673fAA49d73980,1
0xB33C0668F2796ad377Ba7133D327849a4c1e8E12,4
0xebeB14484c11d296Bb1f3c7599E8b328d5308774,2
0x821b10564A78C2e891aA3b41BF9FBca52db0224C,1
0x2EB0e1623a204b693Da536Db061926b49c70cEa2,1
0x083A112e5363f1ccf830e2640B8a273C69eCa53A,1
0x92e5D0AE466c9Bd0bEbe336e104DcF54977780a8,8
0xfE3Cf487565A3Cd275cb2cbf96a395F023637D86,1
0x24D16Bf751280FC373b07232eDcf0f964BDEE1e3,1
0xacE6715eAFDdD49079DD081d672c7bE5c1D06de3,32
0xE4887Fc7C9F27fFB34AD61374D38C0746c01D474,2
0xB24e74fBdFCbB36ADE48915756B2E5bcc2846Bda,2
0x062ABE353546fD150645EA4BeeFA885205c4147B,1
0x7ca09417Ad96e7A3a2Bc5F3bDA99D39049Ef40DA,1
0x61083A64384053AD2178Ef5c9Ff4045b6857DfD7,17
0xeEC0d157427E7CcA36aeD61F4Bd93a08ec326De2,1
0xe36Ea8089238939D153609d7907EADC7fD7D7F45,1
0x80D437ca797995e8A1D429828C47020fc6d1A822,1
0x46F7ABFacef08d291a82088237CB08ff38ebBAbD,4
0x530eE9aC7Caaa5d50b3546e5a7A6171ef43C1650,4
0x6017DE286A669f4E839BE894c1aa1B978C49e6a4,1
0xdbB7A69C46bC90A54C944065c4247c642a1C5595,1
0xf645F70e7c8aF1176Dfff60D050c49B046629318,9
0x28561284cef81cDD7BBD39Ba8d9F7b640Fe64a03,10
0x0eeb9E2A5b64F5C621f52045458077bDcd2c3ADC,2
0x9e7D174dEF456Ee4Df9DE98BF74aCB1A9c0f5e36,6
0xfeAf8Dc2D5a528c6DAfE79a7Abe1E3D1745acfEF,4
0x36Ec315DAf53F35233b0f36d652389251E58f524,1
0x33EF8Daf588E1e1071a832ad0E4F7774fC01A5cF,8
0xb898aE2C6951D0CB3C2C3e7Ab96A8F72b6863733,1
0x197959482791F4A5B7b5D452A62A2a4ABcFCeB10,5
0x0577197D9E95647950d72988078Ca3fd762b6262,4
0xA084488dea0e4FCe377f91c25254E94e0Fbed3B7,1
0x124Af04018F4ED96c9f140B8107F613ef60c23cc,4
0x7ef07B541eE64B1658f142A79C6BB9f896B9be67,1
0xa7eEc017502ff0C7a256B709aef4AE3a8624A995,2
0x851501ED9aBBB210a976559a660b86D735018da3,5
0xB52cCd17A718217A3aC393F83046AC7a6834d244,2
0xdBdEceaA39950a1DA90bE21f546aeE4eafB1ef70,1
0xdF2884f38c380060B138C599Da23133BEbB7fF3D,4
0x864336b6eD3d55CAFd2247CDC5CAa6c97984ceC3,10
0x0281266599D587c92bdA1d69ef704D675863eCd8,1
0x7B93d2E8167da1B32f9B3ab591f88e510FFc3400,2
0xCDCc4fd342A42aBd8C1bF7a892Df77aBfb932bd1,1
0x87414C078E1923BCFE6de23f29F9ff81078d065C,1
0x886f6c54EFE9Bf333ff12EAF271bB3377cf7b576,5
0x9F26d9502A122943D57A217F23eC8b3Ada0c7e47,1
0x97c045A852037f2Aa29E47781E52a9F676a9cC51,2
0x3eF0467FE4A705C178a49a0dFbAc044a1883cdaB,2
0xd41C203dcC4d8c917f6B11E1F05eBc188122BB0E,3
0x200f92426b834f0b93b6C6d4383A1Ed6b66b3C47,1
0xbACbbCc8f31334205880Bc844688bB40059A7341,10
0x48611f8Bc30690575f318B69B7756a363b363252,3
0xd604783Efc924Ee96E9296fa6A5E4Bd78B880a4f,3
0x03192E7191bFFd65b2a158FcD91389EE73b01F19,11
0x8D3a12e05950600d914fD6A0aF3575Cfa6A0Af1C,2
0x9B325CabD77EA9643E3a1dBBFC13dE811064706B,60
0x2cD0F7aDFc820f07b91d75cDe95b228ddE030a07,1
0x3C94426b64795276e3E93Ee677F35D75C66dF317,1
0x03bA272d947E06B92a8ED168A1727cc3a21efA0C,1
0x7BBD259f87BBC9ce1f16B50D0967150B470ce13C,1
0x8891eC6518A047f1c6eCD2F06796becea34ab972,1
0xCCD7F7D9392B28fe6500953feBBb0fb81c26fb29,1
0x1cF8404002D8a489123D0c2a4EEB42CD85280b23,3
0xd15790cbb987E4E6B2cc9f8376e4186ddD885f73,10
0x0531903EE7D0617d0B23a0ffe39B8fd1ECf08286,2
0xb3386930A79DA32E63B54FeF789D900e199bd717,5
0x37C19CD2271951096Dfa709a75018960690Ed165,5
0xF78caC0E183525D57F76C9142Ca19B3E6B045488,2
0xf6Cf703CD60C0e3B81318ED76B5edB34DF04b06f,1
0xd04923A03428504ae679b3578c2616e58bBf1ED9,1
0x7FBB5BF641920b4e32F0a10DbE3478F8aD9B35F2,2
0xD624fc6f392fAb0138d62589f163Df4891F0C3b8,2
0x620cacE9E7744dAD60B14838BA2F5d1bAD85af43,5
0x0B8a100860feff5005347155B11eCe032d9834Cc,10
0xbB03188AC4C308a72b5035De601D07429a0eB6B4,1
0x3200506C36a6B419218D90F4352A296152305811,1
0x4f54e9E71a8efAF4c6D2CeB25551f00ffeEBd4A1,2
0x0ED1F08F57F9aE28A98d16c66154D11073C55441,2
0xdd0cadCF41D9eafA8A6958A4Bdc99A3C8A4A2Db5,1
0x08149E76a4CEAB43A07438cab73abA5064B2B001,1
0xd4C4a4b11f80dC75EE534C0DA478cfe388b5bAaD,2
0x5121b90f4e7c8F76383F6D3aE30f11BB737fa573,1
0x7F4caeD4e637832a08F3009467A688526fdf7ab1,4
0xE76D0ef2109166EcaeA361a3123B2250086453A9,1
0xB7eE5085371b55072F573e337c44E65F20ba5879,1
0x2Ec1daB2186Ded91C988e569ff4618dA5AF588D7,1
0x05810944AA9217E6817229d6436d3d7ee43eF47a,20
0xE93F5bbA4707550bf258170e484A5B4EEa2B9F4F,6
0xD1A9f10A451193396D22025edE412a522ac192a2,1
0x18E480231D01Be4981c774c844199bD58C10Dd01,1
0x4cc56f2f5648F0274300E127586226C22B9f0091,1
